"Product Name","Category","Price"
"A+ Jasmine Green Tea 600g","Tea Leaves","₱585.00"
"Acai Soft-Serve & Froyo Business Package","Business Packages","₱305000.00 - ₱460000.00"
"AeroPress","Coffee Tools and Accessories","₱3700.00"
"All Frappe Beverage Business Package","Business Packages","₱57000.00"
"All-Time Bestseller Gelato Business Package","Business Packages","₱505500.00 - ₱704000.00"
"All-Time Bestseller Soft-Serve Business Package","Business Packages","₱273500.00 - ₱428500.00"
"Asia's Best Fruit Tea Business Package","Business Packages","₱47500.00"
"Assam Black Tea 600g","Tea Leaves","₱360.00"
"Assorted Colorful Straws (45-50 pcs)","Accessories and Others","₱45.00"
"Atok Benguet Coffee Beans – Premium Grade 1kg","Coffee Beans","₱1800.00"
"Atok Benguet Coffee Beans – Premium Grade 500g","Coffee Beans","₱965.00"
"Barista Supreme Cafe Au Lait Powder (Coffee Latte) 750g","Coffee Supplies","₱455.00"
"Barista Supreme Cappuccino Powder 750g","Coffee Supplies","₱455.00"
"Barista Supreme Caramel Macchiato Powder 750g","Coffee Supplies","₱455.00"
"Barista Supreme Doppio Cioccolato Powder (Double Chocolate) 750g","Coffee Supplies","₱520.00"
"Barista Supreme Double Dutch Powder 750g","Coffee Supplies","₱460.00"
"Barista Supreme Java Chips Powder 750g","Coffee Supplies","₱600.00"
"Barista Supreme Matcha Latte Powder 750g","Coffee Supplies","₱825.00"
"Barista Supreme Moka Latte Powder (Mocha Latte) 750g","Coffee Supplies","₱460.00"
"Barista Supreme Ube Latte Powder 750g","Barista Supreme Series Powders For Coffee","₱525.00"
"Barista Supreme Vanilla Latte Powder 750g","Barista Supreme Series Powders For Coffee","₱495.00"
"Barista Supreme White Chocolate Powder 750g","Coffee Supplies","₱455.00"
"Basil Seeds 500g","Sinkers and Toppings","₱760.00"
"Berries Cookie Biscuit Sprinkles 400g","Sprinkles","₱305.00"
"Black lid with Stopper","Accessories and Others","₱150.00"
"Blended Series Black Forest Powder 500g","Milk Tea Supplies","₱205.00"
"Blended Series Cappuccino Powder 500g","Chocolate and coffee powders","₱180.00"
"Blended Series Caramel Macchiato Powder 500g","Chocolate and coffee powders","₱200.00"
"Blended Series Chocolate Powder 500g","Chocolate and coffee powders","₱230.00"
"Blended Series Coffee Latte Powder 500g","Chocolate and coffee powders","₱185.00"
"Blended Series Dark Chocolate Powder 500g","Chocolate and coffee powders","₱275.00"
"Blended Series Mango Powder 500g","Hot and Cold Blended Drink Powders","₱180.00"
"Blended Series Milk Chocolate Powder made with Hershey’s 500g","Chocolate and coffee powders","₱335.00"
"Blended Series Mocha Powder 500g","Chocolate and coffee powders","₱205.00"
"Blended Series Pistachio Powder 500g","Hot and Cold Blended Drink Powders","₱265.00"
"Blended Series Red Velvet Powder 500g","Chocolate and coffee powders","₱240.00"
"Blended Series White Chocolate Powder 500g","Hot and Cold Blended Drink Powders","₱205.00"
"Brazil Cerrado Coffee Beans – Premium Grade 1kg","Coffee Beans","₱1605.00"
"Brazil Cerrado Coffee Beans – Premium Grade 500g","Coffee Beans","₱870.00"
"Brown Cocoa Chip Biscuit Dome Sprinkles 400g","Sprinkles","₱330.00"
"Brown Sugar Sachets 5g (100 pcs)","Creamers and Other Powders","₱130.00"
"Brown Sugar Sticks 5g (50 pcs)","Creamers and Other Powders","₱90.00"
"Brownie Cookie Biscuit Sprinkles 450g","Sinkers and Toppings","₱350.00"
"Bubble Tea Straw Black (100pcs)","Tools and Other essentials","₱115.00"
"Butter Cookie Sprinkles 450g","Sprinkles","₱305.00"
"Buttercup Cone (450pcs/box)","Ice Cream Supplies","₱490.00"
"Butterfly Pea Powder 1kg","Sinkers and Toppings","₱0.00"
"Buttermilk Powder 750g","Creamers and Other Powders","₱445.00"
"Cafe & Bar Countertop Ice Cube Machine","Top Machine","₱117500.00"
"Caramel Biscuit Dome Sprinkles 400g","Sprinkles","₱330.00"
"Caramel Cookie Sprinkles 300g","Sprinkles","₱230.00"
"Caramel-Chocolate Mini Ball Crunchy Sprinkles 400g","Sprinkles","₱330.00"
"Ceylon Uva Black Tea 600g","Tea Leaves","₱450.00"
"Cherry Popping Boba 3.2kg","Sinkers and Toppings","₱915.00"
"Chocolate Chip Cookie Sprinkles 450g","Sprinkles","₱305.00"
"Chocolate Frappe Base Powder 1kg","Frappe Base Powder","₱480.00"
"Chocolate Mini Ball Crunchy Sprinkles 550g","Sprinkles","₱365.00"
"Chocolate Oat Mini Ball Crunchy Sprinkles 500g","Sprinkles","₱340.00"
"Cocoa Cookie Biscuit Sprinkles 400g","Sprinkles","₱285.00"
"Cocoa Cookie MicroMini Biscuit Sprinkles 400g","Sprinkles","₱300.00"
"Cocoa Cookie Mini Biscuit Sprinkles 450g","Sprinkles","₱285.00"
"Cocoa Powder 500g","Creamers and Other Powders","₱0.00"
"Coffee Jelly 1kg","Sinkers and Toppings","₱370.00"
"Coffee Jelly 3.2kg","Sinkers and Toppings","₱980.00"
"Coffee Mill Electric Burr Espresso Grinder","Coffee Tools and Accessories","₱3600.00"
"Columbia Caribe cafe Coffee Beans – Premium Grade 500g","Coffee Beans","₱1005.00"
"Comprital Baby Blue (Blue) Classical Paste 3kg","Comprital","₱5500.00"
"Comprital Base San Marco 100 Milk Base 2.5kg","Comprital","₱3740.00"
"Comprital Be-the-Top Amarena (Cherry) Topping Sauce 1kg","Ice Cream Toppings","₱1075.00"
"Comprital Be-the-Top Brunella (Hazelnut and Chocolate) Topping Sauce 800g","Ice Cream Toppings","₱845.00"
"Comprital Be-the-Top Caffe (Coffee) Topping Sauce 1kg","Ice Cream Toppings","₱1380.00"
"Comprital Be-the-Top Caramello (Caramel) Topping Sauce 1kg","Ice Cream Toppings","₱890.00"
"Comprital Be-the-Top Cioccolato (Chocolate) Topping Sauce 1kg","Ice Cream Toppings","₱655.00"
"Comprital Be-the-Top Crema Cioccolato Bianco (White Chocolate) Topping Sauce 800g","Ice Cream Toppings","₱550.00"
"Comprital Be-the-Top Fragola (Strawberry) Topping Sauce 1kg","Ice Cream Toppings","₱745.00"
"Comprital Be-the-Top Frutti di Bosco (Mixed Berries) Topping Sauce 1kg","Ice Cream Toppings","₱1150.00"
"Comprital Be-the-Top Lampone (Raspberry) Topping Sauce 1kg","Comprital","₱1125.00"
"Comprital Be-the-Top Menta (Mint) Topping Sauce 1kg","Ice Cream Toppings","₱1390.00"
"Comprital Be-the-Top Nero Fondente (Chocolate Chip) Topping Sauce","Ice Cream Toppings","₱1500.00"
"Comprital Be-the-Top Nocciola Premium (Hazelnut) Topping Sauce 800g","Ice Cream Toppings","₱1375.00"
"Comprital Be-the-Top Pistachio Topping Sauce 800g","Ice Cream Toppings","₱1785.00"
"Comprital Be-the-Top Tiramisu Topping Sauce 950g","Ice Cream Toppings","₱1045.00"
"Comprital Be-the-Top Toffee Mou (Butter Caramel) Topping Sauce 1kg","Ice Cream Toppings","₱945.00"
"Comprital Be-the-Top Tropical Topping Sauce 1kg","Ice Cream Toppings","₱1110.00"
"Comprital Be-the-Top Vaniglia (Vanilla) Topping Sauce 1kg","Ice Cream Toppings","₱755.00"
"Comprital Bubble Gum (Pink) Classical Paste 3kg","Comprital","₱5500.00"
"Comprital Caffe (Coffee) Premium Classical Paste 3kg","Comprital","₱6800.00"
"Comprital Cioccolato (Chocolate) 130 Base Powder 2.0kg","Comprital","₱4000.00"
"Comprital Idra 50 Milk Base 2.5kg","Comprital","₱4500.00"
"Comprital Mascargel Giubileo Powder 1kg","Comprital","₱2500.00"
"Comprital Menta (Mint) Classical Paste 3kg","Comprital","₱5500.00"
"Comprital Monella (Hazelnut and Chocolate) Classical Paste 5kg","Comprital","₱5500.00"
"Comprital Nocciola Scura Gran Sapore (Roasted and Dark Hazelnut) Classical Paste 2.5kg","Comprital","₱10100.00"
"Comprital Perfecta Fruit Base 2.5kg","Comprital","₱4800.00"
"Comprital Pistachio Puro Reale Classical Paste 2.5kg","Comprital","₱14000.00"
"Comprital Primafrutta Anguria (Watermelon) Fruit Paste 3kg","Comprital","₱6425.00"
"Comprital Primafrutta Fragola (Strawberry) Fruit Paste 3kg","Comprital","₱6000.00"
"Comprital Primafrutta Mirtillo (Blueberry) Fruit Paste 3kg","Comprital","₱6570.00"
"Comprital SOFT PANNA 1.6 kg","Comprital","₱750.00"
"Comprital SOLOFRUTTA 0.9kg","Comprital","₱700.00"
"Comprital Speedy Cioccolato (Chocolate) 1.25kg","Comprital","₱1700.00"
"Comprital Speedy Gran Cioccolato (Chocolate) Elvetia Gelato Mix 1.5kg","Comprital","₱2200.00"
"Comprital Tiramisu Imperiale 3kg","Comprital","₱6000.00"
"Comprital Vaniglia Francese (French Vanilla) Classical Paste 3kg","Comprital","₱5500.00"
"Comprital Variegato Amarena (Cherry) Ripple Sauce 3.5kg","Comprital","₱6800.00"
"Comprital Variegato Choco Coffee Crunch Ripple Sauce 2.5kg","Comprital","₱5500.00"
"Comprital Variegato Choco Crunch Ripple Sauce 2.5kg","Comprital","₱5500.00"
"Comprital Variegato Fico Al Caramello Ripple Sauce 3kg","Comprital","₱5500.00"
"Comprital Variegato Fragoline (Strawberry) Ripple Sauce 3.5kg","Comprital","₱6800.00"
"Comprital Variegato Frollino (Chocolate Cookie) Ripple Sauce 2.5kg","Comprital","₱5500.00"
"Comprital Variegato Pistachio Crunch Ripple Sauce 3kg","Comprital","₱6835.00"
"Comprital Variegato Toffee Mou (Butter Caramel) Ripple Sauce 3kg","Comprital","₱5500.00"
"Comprital Yopiu Frozen Yogurt Powder 1.5kg","Comprital","₱1900.00"
"Concentrated Cheese Foam (with whipping cream) 600g","Sinkers and Toppings","₱830.00"
"Cookies & Cream Frappe Base Powder 1kg","Frappe Base Powder","₱440.00"
"Cream Puff Powder 500g","Sinkers and Toppings","₱355.00"
"Creamer Sachets 3g (100 pcs)","Creamers and Other Powders","₱140.00"
"Creamer Sticks 3g (50 pcs)","Creamers and Other Powders","₱95.00"
"Crushed Cookies 500g","Ice Cream Toppings","₱260.00"
"Dabba Cups 12oz (50pcs)","Accessories and Others","₱165.00"
"Dabba Cups 16oz (50pcs)","Accessories and Others","₱170.00"
"Dabba Cups 22oz (50pcs)","Accessories and Others","₱215.00"
"Dabba Strawless Lids (50pcs)","Accessories and Others","₱75.00"
"Dark Cocoa Mini Ball Crunchy Sprinkles 500g","Sprinkles","₱300.00"
"Dark Mocha Frappe Base Powder 1kg","Creamers and Other Powders","₱490.00"
"Earl Grey Black Tea Loose Leaves 600g","Tea Leaves","₱525.00"
"Eco-Friendly Milk Tea Straws Brown (200pcs)","Accessories and Others","₱200.00"
"Eco-Friendly Milk Tea Straws White (200pcs)","Accessories and Others","₱200.00"
"Eco-Friendly Thin Brown Paper Straws (200pcs)","Accessories and Others","₱200.00"
"Eco-Friendly Thin White Paper Straws (200pcs)","Accessories and Others","₱200.00"
"Egg Pudding Powder 1kg","Sinkers and Toppings","₱710.00"
"Fabbri 1905 Air Velvet Topping Foam 890g","Fabbri 1905","₱1660.00"
"Fabbri 1905 All-Time Bestseller Gelato Business Package","Business Packages","₱521000.00 - ₱719500.00"
"Fabbri 1905 Amarena Cherry Glass Jar Vegan Fruit and Syrup 230g","Fabbri 1905","₱780.00"
"Fabbri 1905 Amarena Cherry Gluten-Free Gourmet Sauce 950g","Fabbri 1905","₱960.00"
"Fabbri 1905 Amarena Cherry Opaline Jar Vegan Fruit and Syrup 600g","Fabbri 1905","₱1165.00"
"Fabbri 1905 Amarena Cherry Vegan Fruit and Syrup 1.25kg","Fabbri 1905","₱2215.00"
"Fabbri 1905 Amarena Drink Garnish Opaline Jar Vegan Fruit and Syrup 1kg","Fabbri 1905","₱1620.00"
"Fabbri 1905 Amarena Dry Gin 700ml","Fabbri 1905","₱3320.00"
"Fabbri 1905 Amarena Fabbri Whole Fruits Gluten-Free Marbling-Filling Paste 4.5kg","Fabbri 1905","₱8940.00"
"Fabbri 1905 Amarena Gluten-Free Marbling-Filling Paste 4.5kg","Fabbri 1905","₱6445.00"
"Fabbri 1905 Amarena Vegan Gluten-Free Fruit and Syrup 3.2kg","Fabbri 1905","₱6400.00"
"Fabbri 1905 Authentic Italian Gelato Business Package","Business Packages","₱538000.00 - ₱736500.00"
"Fabbri 1905 Base Ricotta Soft-Serve Ice Cream Gluten-Free Powder 1.5kg","Fabbri 1905","₱4480.00"
"Fabbri 1905 Biscotti Cookies Marbling-Filling Paste 4.3kg","Fabbri 1905","₱9165.00"
"Fabbri 1905 Cacao Purissimo Bollo Oro Vegan Powder 1kg","Fabbri 1905","₱2815.00"
"Fabbri 1905 Chocolate Kroccant Gluten-Free Cold Coating 780g","Fabbri 1905","₱1165.00"
"Fabbri 1905 Chocolate Pannamousse Gluten-Free Dessert Base Powder 1kg","Fabbri 1905","₱2870.00"
"Fabbri 1905 Cocktail System Mobile Cart Machine","Top Machine","₱700000.00"
"Fabbri 1905 Cookie Crumble Amarena Fabbri Gluten-Free Sprinkle Toppings 1.5kg","Fabbri 1905","₱7340.00"
"Fabbri 1905 Cookie Crumble Cocoa Cookie Gluten-Free Sprinkle Toppings 1.5kg","Fabbri 1905","₱7340.00"
"Fabbri 1905 Cookie Crumble Coffee Gluten-Free Sprinkle Toppings 1.5kg","Fabbri 1905","₱7340.00"
"Fabbri 1905 Crema Fredda Cafe Gluten-Free Frappe Powder 750g","Fabbri 1905","₱1570.00"
"Fabbri 1905 Crockolosi Coffee Marbling-Filling Paste 3.8kg","Fabbri 1905","₱7250.00"
"Fabbri 1905 Crockolosi Wafer Marbling-Filling Paste 3.5kg","Fabbri 1905","₱11660.00"
"Fabbri 1905 Cuor di Amarena - Chocolate Covered Cherry Bombons 150g","Fabbri 1905","₱850.00"
"Fabbri 1905 Cuor di Amarena - Chocolate Covered Cherry Bombons 900g","Fabbri 1905","₱4875.00"
"Fabbri 1905 Cuor di Pistachio - Chocolate Covered Pistachio Bombons 120g","Fabbri 1905","₱850.00"
"Fabbri 1905 Delipaste Amarena Cherry Gluten-Free Fruit Paste 1.5kg","Fabbri 1905","₱2685.00"
"Fabbri 1905 Delipaste Biscotti-Cookies Gluten-Free Paste 1.4kg","Fabbri 1905","₱3290.00"
"Fabbri 1905 Delipaste Blue Bubble Gum Gluten-Free Paste 4.5kg","Fabbri 1905","₱8490.00"
"Fabbri 1905 Delipaste Blueberry Gluten-Free Fruit Paste 1.5kg","Fabbri 1905","₱3240.00"
"Fabbri 1905 Delipaste Caramel Taste Salted Butter Gluten-Free Paste 1.5kg","Fabbri 1905","₱3535.00"
"Fabbri 1905 Delipaste Chocolate Gluten-Free Paste 1.2kg","Fabbri 1905","₱3005.00"
"Fabbri 1905 Delipaste Coconut Gluten-Free Fruit Paste 1.35kg","Fabbri 1905","₱2415.00"
"Fabbri 1905 Delipaste Coffee Moka Vegan Paste 1.35kg","Fabbri 1905","₱3100.00"
"Fabbri 1905 Delipaste Coffee Moka Vegan Paste 4.5kg","Fabbri 1905","₱9430.00"
"Fabbri 1905 Delipaste Cotton Candy Gluten-Free Paste 4.5kg","Fabbri 1905","₱9340.00"
"Fabbri 1905 Delipaste Creamy Hazelnut Vegan Gluten-Free Premix Paste 1kg","Fabbri 1905","₱4050.00"
"Fabbri 1905 Delipaste Fine Pistachio Blend Vegan Gluten-Free Paste 1.2kg","Fabbri 1905","₱3710.00"
"Fabbri 1905 Delipaste French Vanilla Gluten-Free Paste 1.5kg","Ice Cream Toppings","₱2555.00"
"Fabbri 1905 Delipaste Gianduia (Chocolate with Hazelnut Paste) Gluten-Free Paste 1.2kg","Fabbri 1905","₱3865.00"
"Fabbri 1905 Delipaste Gianduia (Chocolate with Hazelnut Paste) Gluten-Free Paste 4.3kg","Fabbri 1905","₱12890.00"
"Fabbri 1905 Delipaste Green Apple Gluten-Free Fruit Paste 1.5kg","Fabbri 1905","₱3605.00"
"Fabbri 1905 Delipaste Ground Pistachio with Pieces Vegan Gluten-Free Paste 1.5kg","Fabbri 1905","₱2815.00"
"Fabbri 1905 Delipaste Mandarin Gluten-Free Fruit Paste 1.5kg","Fabbri 1905","₱3550.00"
"Fabbri 1905 Delipaste Mango Gluten-Free Fruit Paste 1.5kg","Fabbri 1905","₱3225.00"
"Fabbri 1905 Delipaste Mint Gluten-Free Paste 1.5kg","Fabbri 1905","₱2275.00"
"Fabbri 1905 Delipaste Orange Gluten-Free Fruit Paste 1.5kg","Fabbri 1905","₱2530.00"
"Fabbri 1905 Delipaste Ovetto (Ferrero Chocolate Egg) Gluten-Free Paste 4kg","Fabbri 1905","₱9845.00"
"Fabbri 1905 Delipaste PannaCotta Gluten-Free Paste 1.5kg","Fabbri 1905","₱3090.00"
"Fabbri 1905 Delipaste Peach Gluten-Free Fruit Paste 1.5kg","Fabbri 1905","₱3060.00"
"Fabbri 1905 Delipaste Pink Bubble Gum Gluten-Free Paste 4.5kg","Fabbri 1905","₱8600.00"
"Fabbri 1905 Delipaste Pure Pistachio Gluten-Free Paste 1kg","Fabbri 1905","₱7505.00"
"Fabbri 1905 Delipaste Pure Pistachio Gluten-Free Paste 3.6kg","Fabbri 1905","₱26195.00"
"Fabbri 1905 Delipaste Raspberry Gluten-Free Fruit Paste 1.5kg","Fabbri 1905","₱3895.00"
"Fabbri 1905 Delipaste Strawberry Gluten-Free Fruit Paste 1.5kg","Fabbri 1905","₱2285.00"
"Fabbri 1905 Delipaste Strawberry Natural Gluten-Free Fruit Paste 1.5kg","Fabbri 1905","₱2460.00"
"Fabbri 1905 Delipaste Strawberry Premium Natural Gluten-Free Fruit Paste 1.5kg","Fabbri 1905","₱2905.00"
"Fabbri 1905 Delipaste Tiramisu Non-Alcoholic Gluten-Free Paste 1.25kg","Fabbri 1905","₱2690.00"
"Fabbri 1905 Delipaste Toffee Gluten-Free Paste 1.5kg","Fabbri 1905","₱3995.00"
"Fabbri 1905 Delipaste White Chocolate Gluten-Free Fruit Paste 1.2kg","Fabbri 1905","₱4205.00"
"Fabbri 1905 Delipaste White Mint Gluten-Free Paste 1.5kg","Fabbri 1905","₱2250.00"
"Fabbri 1905 Delipaste White Vanilla Gluten-Free Paste 1.5kg","Fabbri 1905","₱3305.00"
"Fabbri 1905 Delipaste Wild Fruits Gluten-Free Premix Paste 1.5kg","Fabbri 1905","₱3470.00"
"Fabbri 1905 Dolce Italiano (Italian Pastry) Dessert Gourmet Sauce 950g","Fabbri 1905","₱1020.00"
"Fabbri 1905 Fabbrilemon Gluten-Free Flavouring Powder 1kg","Fabbri 1905","₱2990.00"
"Fabbri 1905 Fabbriyog Yogurt Gluten-Free Flavouring Powder 1kg","Fabbri 1905","₱3345.00"
"Fabbri 1905 Fiordilatte Gluten-Free Frappe Powder 750g","Fabbri 1905","₱1565.00"
"Fabbri 1905 Fragola (Strawberry) Vegan Fruit and Syrup 3.2kg","Fabbri 1905","₱6730.00"
"Fabbri 1905 FrescaFrutta Gelatine Spray Gluten-Free Glaze 800g","Fabbri 1905","₱1530.00"
"Fabbri 1905 Gelato System 1-Flavor Compact Countertop Machine","Top Machine","₱182350.00"
"Fabbri 1905 Gelato System 1-Flavor Countertop Machine","Top Machine","₱211875.00"
"Fabbri 1905 Gelato System 2-Flavor Compact Countertop Machine","Top Machine","₱298900.00"
"Fabbri 1905 Gelato System 2-Flavor Electric Mobile Cart Machine","Top Machine","₱469125.00"
"Fabbri 1905 Gelato System 2-Flavor Floor Standing Machine","Top Machine","₱427125.00"
"Fabbri 1905 Gelato System 4-Flavor Floor Standing Machine","Top Machine","₱843375.00"
"Fabbri 1905 Gelato System 6-Flavor Floor Standing Machine","Top Machine","₱1287750.00"
"Fabbri 1905 Gelato System Base Ice Cream Powder 220g","Fabbri 1905","₱550.00"
"Fabbri 1905 Glasse e Nappage Amarena Cherry Gluten-Free Icing Glaze 1.5kg","Fabbri 1905","₱1980.00"
"Fabbri 1905 Glasse e Nappage Chocolate Gluten-Free Icing Glaze 1.5kg","Fabbri 1905","₱2055.00"
"Fabbri 1905 Glasse e Nappage Pistachio Gluten-Free Icing Glaze 3.8kg","Fabbri 1905","₱7510.00"
"Fabbri 1905 Glasse e Nappage Raspberry Gluten-Free Icing Glaze 3.8kg","Fabbri 1905","₱6460.00"
"Fabbri 1905 Glasse e Nappage Strawberry Gluten-Free Icing Glaze 4.5kg","Fabbri 1905","₱5065.00"
"Fabbri 1905 Gum Nero Gluten-Free Syrup 650g","Fabbri 1905","₱1230.00"
"Fabbri 1905 Lime Marbling-Filling Paste 4.3kg","Fabbri 1905","₱7750.00"
"Fabbri 1905 Mango with Fruit Pieces Gluten-Free Marbling-Filling Paste 4.5kg","Fabbri 1905","₱6735.00"
"Fabbri 1905 Marendry Aperitif Liquor 1L","Fabbri 1905","₱2240.00"
"Fabbri 1905 Mixybar Amarena Wild Fruit Syrup 1.3kg","Fabbri 1905","₱1135.00"
"Fabbri 1905 Mixybar Amaretto Syrup 1.3kg","Fabbri 1905","₱995.00"
"Fabbri 1905 Mixybar Caramel Syrup 1.3kg","Fabbri 1905","₱900.00"
"Fabbri 1905 Mixybar Cedrata (Italian Citron) Gluten-Free Syrup 1.3kg","Fabbri 1905","₱1030.00"
"Fabbri 1905 Mixybar Chai Syrup 1.3kg","Fabbri 1905","₱1260.00"
"Fabbri 1905 Mixybar Chocolate Syrup 1.3kg","Fabbri 1905","₱1095.00"
"Fabbri 1905 Mixybar Cinnamon Syrup 1.3kg","Fabbri 1905","₱995.00"
"Fabbri 1905 Mixybar Cola Gluten-Free Syrup 1.3kg","Fabbri 1905","₱1030.00"
"Fabbri 1905 Mixybar Cranberry Gluten-Free Syrup 1.3kg","Fabbri 1905","₱1245.00"
"Fabbri 1905 Mixybar Elderflower Berrys Gluten-Free Syrup 1.3kg","Fabbri 1905","₱1130.00"
"Fabbri 1905 Mixybar Falernum Gluten-Free Syrup 1.3kg","Fabbri 1905","₱1130.00"
"Fabbri 1905 Mixybar Ginger Syrup 1.3kg","Fabbri 1905","₱1295.00"
"Fabbri 1905 Mixybar Gingerbread Syrup 1.3kg","Fabbri 1905","₱1260.00"
"Fabbri 1905 Mixybar Green Apple Gluten-Free Syrup 1.3kg","Fabbri 1905","₱1035.00"
"Fabbri 1905 Mixybar Grenadine Gluten-Free Syrup 1.3kg","Fabbri 1905","₱1055.00"
"Fabbri 1905 Mixybar Kiwi Gluten-Free Syrup 1.3kg","Fabbri 1905","₱1130.00"
"Fabbri 1905 Mixybar Maracuja (Passion Fruit) Syrup 1.3kg","Fabbri 1905","₱1235.00"
"Fabbri 1905 Mixybar Melon Gluten-Free Syrup 1.3kg","Fabbri 1905","₱1380.00"
"Fabbri 1905 Mixybar Mint Gluten-Free Syrup 1.3kg","Fabbri 1905","₱1105.00"
"Fabbri 1905 Mixybar Mojito Gluten-Free Syrup 1.3kg","Fabbri 1905","₱1160.00"
"Fabbri 1905 Mixybar Natural Plus Alphonso Mango Syrup 1.3kg","Fabbri 1905","₱1370.00"
"Fabbri 1905 Mixybar Natural Plus Banana Syrup 1.3kg","Fabbri 1905","₱1270.00"
"Fabbri 1905 Mixybar Natural Plus Bergamot Syrup 1.3kg","Fabbri 1905","₱1505.00"
"Fabbri 1905 Mixybar Natural Plus Blueberry Syrup 1.3kg","Fabbri 1905","₱1400.00"
"Fabbri 1905 Mixybar Natural Plus Calamansi & Yuzu Syrup 1.3kg","Fabbri 1905","₱1580.00"
"Fabbri 1905 Mixybar Natural Plus Caramel Gluten-Free Syrup 1.3kg","Fabbri 1905","₱1250.00"
"Fabbri 1905 Mixybar Natural Plus Ceylon Tea Gluten-Free Syrup 1.3kg","Fabbri 1905","₱1250.00"
"Fabbri 1905 Mixybar Natural Plus Coconut Gluten-Free Syrup 1.3kg","Fabbri 1905","₱1325.00"
"Fabbri 1905 Mixybar Natural Plus Elderflower Syrup 1.3kg","Fabbri 1905","₱1400.00"
"Fabbri 1905 Mixybar Natural Plus Hazelnut Gluten-Free Syrup 1.3kg","Fabbri 1905","₱1250.00"
"Fabbri 1905 Mixybar Natural Plus Italian Sugar Syrup 1.3kg","Fabbri 1905","₱1055.00"
"Fabbri 1905 Mixybar Natural Plus Lime Lemon Ginger Gluten-Free Syrup 1.3kg","Fabbri 1905","₱1335.00"
"Fabbri 1905 Mixybar Natural Plus Mandarin Syrup 1.3kg","Fabbri 1905","₱1430.00"
"Fabbri 1905 Mixybar Natural Plus Passion Fruit Syrup 1.3kg","Fabbri 1905","₱1310.00"
"Fabbri 1905 Mixybar Natural Plus Pineapple Syrup 1.3kg","Fabbri 1905","₱1325.00"
"Fabbri 1905 Mixybar Natural Plus Pink Grapefruit Gluten-Free Syrup 1.3kg","Fabbri 1905","₱1650.00"
"Fabbri 1905 Mixybar Natural Plus Pumpkin Spice Syrup 1.3kg","Fabbri 1905","₱1365.00"
"Fabbri 1905 Mixybar Natural Plus Strawberry Syrup 1.3kg","Fabbri 1905","₱1310.00"
"Fabbri 1905 Mixybar Natural Plus Vanilla Bourbon Madagascar Gluten-Free Syrup 1.3kg","Fabbri 1905","₱1250.00"
"Fabbri 1905 Mixybar Natural Plus Yellow Peach Gluten-Free Syrup 1.3kg","Fabbri 1905","₱1400.00"
"Fabbri 1905 Mixybar Orange Syrup 1.3kg","Fabbri 1905","₱1115.00"
"Fabbri 1905 Mixybar Orgeat Gluten-Free Syrup 1.3kg","Fabbri 1905","₱1105.00"
"Fabbri 1905 Mixybar Papaya Gluten-Free Syrup 1.3kg","Fabbri 1905","₱1170.00"
"Fabbri 1905 Mixybar Pomegranate Syrup 1.3kg","Fabbri 1905","₱1135.00"
"Fabbri 1905 Mixybar Raspberry Syrup 1.3kg","Fabbri 1905","₱1370.00"
"Fabbri 1905 Mixybar Salted Caramel Gluten-Free Syrup 1.3kg","Fabbri 1905","₱1000.00"
"Fabbri 1905 Mixybar Strawberry Gluten-Free Syrup 1.3kg","Fabbri 1905","₱1130.00"
"Fabbri 1905 Mixybar Tamarind Gluten-Free Syrup 1.3kg","Fabbri 1905","₱1465.00"
"Fabbri 1905 Mixybar Triple Sec Syrup 1.3kg","Fabbri 1905","₱1135.00"
"Fabbri 1905 Mixybar Tropical Blue Gluten-Free Syrup 1.3kg","Fabbri 1905","₱1055.00"
"Fabbri 1905 Mixybar Vanilla Syrup 1.3kg","Fabbri 1905","₱900.00"
"Fabbri 1905 Mixybar White Glacial Mint Gluten-Free Syrup 1.3kg","Fabbri 1905","₱1030.00"
"Fabbri 1905 Mixybar Wild Fruits Gluten-Free Syrup 1.3kg","Fabbri 1905","₱1425.00"
"Fabbri 1905 Mixybar Zero Amarena Cherry Syrup 1kg","Fabbri 1905","₱1095.00"
"Fabbri 1905 Mixybar Zero Caramel Gluten-Free Syrup 1.3kg","Fabbri 1905","₱905.00"
"Fabbri 1905 Mixybar Zero Hazelnut Syrup 1.3kg","Fabbri 1905","₱975.00"
"Fabbri 1905 Mixybar Zero Mint Gluten-Free Syrup 1.3kg","Fabbri 1905","₱905.00"
"Fabbri 1905 Mixybar Zero Strawberry Syrup 1.3kg","Fabbri 1905","₱1240.00"
"Fabbri 1905 Mixybar Zero Vanilla Gluten-Free Syrup 1.3kg","Fabbri 1905","₱905.00"
"Fabbri 1905 Mixyfruit Coconut Puree 1.25kg","Fabbri 1905","₱1600.00"
"Fabbri 1905 Mixyfruit Cranberry Puree 1.3kg","Fabbri 1905","₱1865.00"
"Fabbri 1905 Mixyfruit Grenadine Puree 1.3kg","Fabbri 1905","₱2250.00"
"Fabbri 1905 Mixyfruit Passion Fruit Puree 1.3kg","Fabbri 1905","₱1890.00"
"Fabbri 1905 Mixyfruit Raspberry Puree 1.3kg","Fabbri 1905","₱2230.00"
"Fabbri 1905 Mixyfruit Strawberry Puree 1.3kg","Fabbri 1905","₱1460.00"
"Fabbri 1905 Mixyfruit White Peach Puree 1.3kg","Fabbri 1905","₱1490.00"
"Fabbri 1905 Morbifrutta 100 Vegan Fruit Base Powder 1kg","Fabbri 1905","₱1515.00"
"Fabbri 1905 Morbifrutta Vegan Fruit Base Powder 1kg","Fabbri 1905","₱1490.00"
"Fabbri 1905 Nevepann 100 C/F Gluten-Free Ice Cream Base Powder 2.5kg","Fabbri 1905","₱4035.00"
"Fabbri 1905 Nevepann 50 C Gluten-Free Ice Cream Base Powder 2.5kg","Fabbri 1905","₱5570.00"
"Fabbri 1905 Nevepann 50 C/F Gluten-Free Ice Cream Base Powder 2.5kg","Fabbri 1905","₱5140.00"
"Fabbri 1905 Nevepann Belpanna 100 C/F Gluten-Free Ice Cream Base Powder 2.5kg","Fabbri 1905","₱4180.00"
"Fabbri 1905 Nevepann Belpanna 50 C/F Gluten-Free Ice Cream Base Powder 2.5kg","Fabbri 1905","₱4690.00"
"Fabbri 1905 Nevia Sugar-Free Vegan Base Powder 1kg","Fabbri 1905","₱2100.00"
"Fabbri 1905 Nocciola (Creamy Hazelnut) Gluten-Free Paste 3.5kg","Fabbri 1905","₱13985.00"
"Fabbri 1905 Nocciola (Hazelnut) Piemonte IGP Paste 1kg","Fabbri 1905","₱5450.00"
"Fabbri 1905 Nutty Dark Chocolate Gluten-Free Cream Filling 1kg","Fabbri 1905","₱2010.00"
"Fabbri 1905 Nutty Pistachio Cream 32% Gluten-Free 1kg","Fabbri 1905","₱3680.00"
"Fabbri 1905 Nutty Wow Pistachio Gluten-Free Cream Filling 1.2kg","Fabbri 1905","₱6720.00"
"Fabbri 1905 Pannamousse Gluten-Free Dessert Base Powder 1kg","Fabbri 1905","₱2435.00"
"Fabbri 1905 Pistachio Kroccant Gluten-Free Cold Coating 780g","Fabbri 1905","₱2440.00"
"Fabbri 1905 Ratafia Liquor 700ml","Fabbri 1905","₱2840.00"
"Fabbri 1905 Simple Gelato System Açai Gluten-Free Vegan Premix Paste 1.5kg","Fabbri 1905","₱3615.00"
"Fabbri 1905 Simple Gelato System Amarena Vegan Gluten-Free Premix Paste 1.5kg","Fabbri 1905","₱2810.00"
"Fabbri 1905 Simple Gelato System Arancello (Orange Liqueur) Gluten-Free Premix Powder 1.25kg","Fabbri 1905","₱2295.00"
"Fabbri 1905 Simple Gelato System Base Lactose-Free Premix Powder 1kg","Fabbri 1905","₱1925.00"
"Fabbri 1905 Simple Gelato System Black Vanilla Gluten-Free Paste 1.4kg","Fabbri 1905","₱3270.00"
"Fabbri 1905 Simple Gelato System Blueberry Gluten-Free Premix Paste 1.5kg","Fabbri 1905","₱3330.00"
"Fabbri 1905 Simple Gelato System Calamansi & Yuzu Gluten-Free Vegan Premix Paste 1.5kg","Fabbri 1905","₱3635.00"
"Fabbri 1905 Simple Gelato System Cioccolato Gusto Fondente (Dark Chocolate) Gluten-Free Premix Powder 1.5kg","Fabbri 1905","₱3200.00"
"Fabbri 1905 Simple Gelato System Coconut Gluten-Free Premix Paste 1.5kg","Fabbri 1905","₱2245.00"
"Fabbri 1905 Simple Gelato System Cotton Candy Vegan Premix Paste 1.5kg","Fabbri 1905","₱2485.00"
"Fabbri 1905 Simple Gelato System Cremolpann Gluten-Free Premix Paste 1.5kg","Fabbri 1905","₱1940.00"
"Fabbri 1905 Simple Gelato System Espresso Coffee Gluten-Free Premix Powder 1.25kg","Fabbri 1905","₱3015.00"
"Fabbri 1905 Simple Gelato System European Williams Pear Gluten-Free Premix Paste 1.5kg","Fabbri 1905","₱2445.00"
"Fabbri 1905 Simple Gelato System Gusto Cioccolato Nero Fondente (Extra Dark Chocolate) Vegan Premix Powder 1.5kg","Fabbri 1905","₱3305.00"
"Fabbri 1905 Simple Gelato System Hazelnut Gluten-Free Premix Paste 1.35kg","Fabbri 1905","₱2855.00"
"Fabbri 1905 Simple Gelato System Lactose Free Dark Chocolate Gluten-Free Premix Powder 1.5kg","Fabbri 1905","₱4025.00"
"Fabbri 1905 Simple Gelato System Lactose Free Milk Chocolate Gluten-Free Premix Powder 1.5kg","Fabbri 1905","₱3885.00"
"Fabbri 1905 Simple Gelato System Mandarinello (Mandarin Liqueur) Gluten-Free Premix Powder 1.25kg","Fabbri 1905","₱2250.00"
"Fabbri 1905 Simple Gelato System Mango Gluten-Free Premix Paste 1.5kg","Fabbri 1905","₱2650.00"
"Fabbri 1905 Simple Gelato System Mint Gluten-Free Premix Paste 1.5kg","Fabbri 1905","₱2170.00"
"Fabbri 1905 Simple Gelato System Pink Cotton Candy Gluten-Free Premix Paste 1.5kg","Fabbri 1905","₱2495.00"
"Fabbri 1905 Simple Gelato System Pistachio Gluten-Free Premix Paste 1.35kg","Fabbri 1905","₱6105.00"
"Fabbri 1905 Simple Gelato System Raspberry Gluten-Free Premix Paste 1.5kg","Fabbri 1905","₱4070.00"
"Fabbri 1905 Simple Gelato System Strawberry Gluten-Free Premix Paste 1.5kg","Fabbri 1905","₱2605.00"
"Fabbri 1905 Simple Gelato System Vanilla Gluten-Free Premix Paste 1.5kg","Fabbri 1905","₱2190.00"
"Fabbri 1905 Simple Gelato System Vanilla Lactose-Free Premix Paste 1.45kg","Fabbri 1905","₱2295.00"
"Fabbri 1905 Simple Gelato System Watermelon Gluten-Free Premix Paste 1.5kg","Fabbri 1905","₱2710.00"
"Fabbri 1905 Simple Gelato System Yellow Peach Gluten-Free Premix Paste 1.5kg","Fabbri 1905","₱2725.00"
"Fabbri 1905 Simple Gelato System Yogogreco Greek Yogurt Gluten-Free Premix Powder 1.2kg","Fabbri 1905","₱2220.00"
"Fabbri 1905 Snackolosi Crunchy Mango and Macadamia Marbling-Filling Paste 3.8kg","Fabbri 1905","₱18115.00"
"Fabbri 1905 Snackolosi Ovetto (Ferrero Chocolate Egg) Gluten-Free Marbling-Filling Paste 4kg","Fabbri 1905","₱10525.00"
"Fabbri 1905 Snackolosi Speculoos Gluten-Free Marbling-Filling Paste 4.2kg","Fabbri 1905","₱13085.00"
"Fabbri 1905 Snackolosi Triple Raspberry Chia Crunchy Cashews Gluten-Free Marbling-Filling Paste 1.2kg","Fabbri 1905","₱4875.00"
"Fabbri 1905 Sorbe Raspberry Gluten-Free Premix Paste 1.5kg","Fabbri 1905","₱3590.00"
"Fabbri 1905 Sorbe Strawberry Vegan Lactose Gluten-Free Premix Paste 1.5kg","Fabbri 1905","₱2965.00"
"Fabbri 1905 Sorbe Wild Fruits Vegan Lactose Gluten-Free Premix Paste 1.5kg","Fabbri 1905","₱3220.00"
"Fabbri 1905 Sorbet Lemon Gluten-Free Powder 750g","Fabbri 1905","₱1225.00"
"Fabbri 1905 Starter Gelato Business Package","Business Packages","₱347000.00 - ₱369000.00"
"Fabbri 1905 Strawberry Glass Jar Vegan Fruit and Syrup 230g","Fabbri 1905","₱830.00"
"Fabbri 1905 Strawberry Opaline Jar Vegan Fruit and Syrup 600g","Fabbri 1905","₱1620.00"
"Fabbri 1905 Super Soft Chocolate Soft-Serve Ice Cream Gluten-Free Powder 1.5kg","Fabbri 1905","₱2755.00"
"Fabbri 1905 Super Soft Complete Yogurt Soft-Serve Ice Cream Gluten-Free Powder 1.25kg","Fabbri 1905","₱1505.00"
"Fabbri 1905 Super Soft Vanilla Soft-Serve Ice Cream Gluten-Free Powder 1.5kg","Fabbri 1905","₱2435.00"
"Fabbri 1905 Super Soft Yogurt Soft-Serve Ice Cream Gluten-Free Powder 1.5kg","Fabbri 1905","₱2510.00"
"Fabbri 1905 Supplement Integrator Vegetable Fibers Gluten-Free Stabilizer Powder 1kg","Fabbri 1905","₱2545.00"
"Fabbri 1905 Sweet & Sour Concentrate Syrup 1.3kg","Fabbri 1905","₱1260.00"
"Fabbri 1905 TOP Caramello (Caramel) Gourmet Sauce 950g","Fabbri 1905","₱1205.00"
"Fabbri 1905 TOP Caramello al Burro Salato (Salted Butter Caramel) Gluten-Free Gourmet Sauce 950g","Fabbri 1905","₱1445.00"
"Fabbri 1905 TOP Choco-Bianco (White Chocolate) Gluten-Free Gourmet Sauce 950g","Fabbri 1905","₱1050.00"
"Fabbri 1905 TOP Cioccolato (Chocolate) Gluten-Free Gourmet Sauce 950g","Fabbri 1905","₱1140.00"
"Fabbri 1905 TOP Cocoa Gluten-Free Gourmet Sauce 950g","Fabbri 1905","₱1075.00"
"Fabbri 1905 TOP Coffee Gluten-Free Gourmet Sauce 900g","Fabbri 1905","₱960.00"
"Fabbri 1905 TOP Dulce De Leche (Caramelized Milk) Gluten-Free Gourmet Sauce 950g","Fabbri 1905","₱995.00"
"Fabbri 1905 TOP Fragola (Strawberry) Gluten-Free Gourmet Sauce 950g","Fabbri 1905","₱1075.00"
"Fabbri 1905 TOP Gelee Neutral Gluten-Free Jelly Glaze 1.45kg","Fabbri 1905","₱1630.00"
"Fabbri 1905 TOP Gold Choco Fondente (Dark Chocolate) Gluten-Free Gourmet Sauce 800g","Fabbri 1905","₱1575.00"
"Fabbri 1905 TOP Gold Hazelnut Gluten-Free Gourmet Sauce 800g","Fabbri 1905","₱3320.00"
"Fabbri 1905 TOP Gold Pistacchio Gluten-Free Gourmet Sauce 850g","Fabbri 1905","₱3700.00"
"Fabbri 1905 TOP Hazelnut Gluten-Free Gourmet Sauce 950g","Fabbri 1905","₱880.00"
"Fabbri 1905 TOP Lampone (Raspberry) Gluten-Free Gourmet Sauce 950g","Fabbri 1905","₱1130.00"
"Fabbri 1905 TOP Limoncello (Lemon Liqueur) Gluten-Free Gourmet Sauce 950g","Fabbri 1905","₱1025.00"
"Fabbri 1905 TOP Wild Fruits Gluten-Free Gourmet Sauce 950g","Fabbri 1905","₱1910.00"
"Fabbri 1905 TOP Zabaione (Italian Custard) Gluten-Free Gourmet Sauce 900g","Fabbri 1905","₱1115.00"
"Fabbri 1905 Ultimate Gelato Business Package","Business Packages","₱1316000.00 - ₱1908500.00"
"Fabbri 1905 Variegato Amarena Cherry with Fruit Pieces Gluten-Free Marbling-Filling Paste 1.5kg","Fabbri 1905","₱2655.00"
"Fabbri 1905 Variegato Fichi Caramellati (Caramelized Figs) Gluten-Free Marbling-Filling Paste 1.5kg","Fabbri 1905","₱2675.00"
"Fabbri 1905 Variegato Mela e Cannella (Apple and Cinnamon) Gluten-Free Marbling-Filling Paste 1.5kg","Fabbri 1905","₱3395.00"
"Fabbri 1905 Variegato Raspberry Gluten-Free Marbling-Variegation Paste 4.5kg","Fabbri 1905","₱7825.00"
"Fabbri 1905 Variegato Strawberry with Fruit Pieces Gluten-Free Marbling-Variegation Paste 4.3kg","Fabbri 1905","₱6920.00"
"Fabbri 1905 Wild Fruits Gluten-Free Marbling-Filling Paste 4.3kg","Fabbri 1905","₱6045.00"
"Fabbri 1905 Yoghito Yog 30 Yogurt Gluten-Free Flavoring Powder 1kg","Fabbri 1905","₱2615.00"
"Fabbri 1905 Yogofull Piu Yogurt Ice Cream Premix Powder 1.05kg","Fabbri 1905","₱2460.00"
"Fabbri 1905 Zenzero (Ginger) Drink Garnish Opaline Jar Vegan Fruit and Syrup 1kg","Fabbri 1905","₱1965.00"
"Fabbri 1905 Zenzero (Ginger) Drink Garnish Opaline Jar Vegan Fruit and Syrup 600g","Fabbri 1905","₱1620.00"
"Fabbri 1905 Zenzero (Ginger) Glass Jar Vegan Fruit and Syrup 230g","Fabbri 1905","₱830.00"
"Fabbri 1905 Zenzero (Ginger) Vegan Gluten-Free Fruit and Syrup 1.25kg","Fabbri 1905","₱2575.00"
"Fabbri 1905 Zenzero (Ginger) Vegan Gluten-Free Fruit and Syrup 3.2kg","Fabbri 1905","₱5265.00"
"Firenze Compact Burr Coffee Grinder Pro","Coffee Tools and Accessories","₱9000.00"
"Firenze Elite Burr Coffee Grinder Pro","Top Machine","₱37000.00"
"Firenze IL Nero Dual Group Heads Espresso Machine Pro","Top Machine","₱179000.00"
"Float Dome Lid (100pcs)","Accessories and Others","₱170.00"
"Float Flat Lid (100pcs)","Accessories and Others","₱170.00"
"Float Large Cup 16oz (100pcs)","Accessories and Others","₱235.00"
"Float Medium Cup 12oz (100pcs)","Accessories and Others","₱180.00"
"Float Small Cup 8oz (500pcs)","Accessories and Others","₱650.00"
"Frappe Base Powder 1kg","Creamers and Other Powders","₱330.00"
"Friggo TC03 Series 2-Flavor Air Countertop Soft Serve Ice Cream and Frozen Yogurt Machine","Top Machine","₱102000.00"
"Gaggia Milano G10 Evo Grinder Elink 230","Top Machine","₱106500.00"
"Gaggia Milano G100 La Brillante SuperAuto Espresso Machine","Top Machine","₱430500.00"
"Gaggia Milano G300 Krea SuperAuto Espresso Machine","Top Machine","₱421500.00"
"Gaggia Milano G4 Grinder","Top Machine","₱77000.00"
"Gaggia Milano G5 Evo Grinder","Top Machine","₱66500.00"
"Gaggia Milano G500 La Solare SuperAuto Espresso Machine","Top Machine","₱662500.00"
"Gaggia Milano G700 La Radiosa SuperAuto Espresso Machine","Top Machine","₱820500.00"
"Gaggia Milano GT1 La Nera 1 Group Espresso Machine","Top Machine","₱173500.00"
"Gaggia Milano GT3 La Nera 2 Powered Group Espresso Machine","Top Machine","₱220000.00"
"Gaggia Milano GT3 La Nera Compact 2 Group Espresso Machine","Top Machine","₱220000.00"
"Gaggia Milano GT5 La Vetro 2 Group Espresso Machine","Top Machine","₱309000.00"
"Gaggia Milano GT5 La Vetro Pro 2 Group Espresso Machine","Top Machine","₱362500.00"
"Gaggia Milano GT7 La Giusta 2 Group Espresso Machine","Top Machine","₱444000.00"
"Gaggia Milano GTA La Reale 2 Group Espresso Machine","Top Machine","₱868500.00"
"Gaggia Milano La Dea 1 Group Espresso Machine","Top Machine","₱156550.00"
"Gaggia Milano La Decisa 2GR Dual Group Heads Espresso Machine","Coffee Tools and Accessories","₱262000.00"
"Gaggia Milano MD42 Grinder","Top Machine","₱58500.00"
"Gaggia Milano Ruby Pro 1 Group Espresso Machine","Top Machine","₱153000.00"
"Gelprom GP 100 A Automatic Vendo Series Soft Serve Ice Cream and Frozen Yogurt Machine (1 Nozzle)","Top Machine","₱289000.00"
"Gelprom GP 100 AP Series Soft Serve Ice Cream and Frozen Yogurt Machine","Top Machine","₱276000.00"
"Gelprom GP 100 PRO Series Soft Serve Ice Cream and Frozen Yogurt Machine","Top Machine","₱236000.00"
"Gelprom GP 100 S Series Soft Serve Ice Cream and Frozen Yogurt Machine (1 Nozzle)","Top Machine","₱185500.00"
"Gelprom GP 100 Series Soft Serve Ice Cream and Frozen Yogurt Machine","Top Machine","₱224000.00"
"Gelprom GP 300 DC/T Series Soft Serve Ice Cream Maker and Frozen Yogurt Machine 3-Nozzle","Top Machine","₱339000.00"
"Gelprom GP 300 DC/T-AP Series Soft Serve Ice Cream and Frozen Yogurt Machine 3-Nozzle","Top Machine","₱379000.00"
"Gelprom GP 300 T AP Series Soft Serve Ice Cream and Frozen Yogurt Machine 3-Nozzle","Top Machine","₱309000.00"
"Gelprom GP 300 T Series Soft Serve Ice Cream and Frozen Yogurt Machine 3-Nozzle","Top Machine","₱253000.00"
"Giant Cone (144pcs/box)","Ice Cream Supplies","₱735.00"
"Gradient Color Beverage Powder 1kg","Sinkers and Toppings","₱595.00"
"Gravy Cup 2.5oz (1000pcs)","Accessories and Others","₱910.00"
"Gravy Cup 3.5oz (1000pcs)","Accessories and Others","₱1000.00"
"Guatemala Huehuetenango Coffee Beans – Premium Grade 1kg","Coffee Beans","₱0.00"
"Guatemala Huehuetenango Coffee Beans – Premium Grade 500g","Coffee Beans","₱910.00"
"Hand Gloves (100pcs)","Accessories and Others","₱50.00"
"Hard Straw Red 1kg (5pack/Bundle)","Accessories and Others","₱135.00"
"Hazelnut Cookie Biscuit Sprinkles 400g","Sprinkles","₱305.00"
"Hazelnut-Caramel Biscuit Sprinkles 450g","Sprinkles","₱835.00"
"Hojicha Roasted Green Tea Loose Leaves 600g","Tea Leaves","₱755.00"
"Java Chips Frappe Base Powder 1kg","Frappe Base Powder","₱470.00"
"Lock & Lock Powder Storage","Accessories and Others","₱775.00"
"Long Fries Ready Mix Powder 1kg","Baking and Foodservice PreMixes","₱0.00"
"Longjing Dragon Well Jasmine Green Tea Loose Leaves 600g","Tea Leaves","₱525.00"
"Lychee Popping Boba 3.2kg","Sinkers and Toppings","₱915.00"
"Madin MD-206A+ Professional Industrial Blender","Top Machine","₱20075.00"
"Madin MD-207 High Performance Commercial Blender","Top Machine","₱18190.00"
"Madin T-122 Commercial Tea Maker","Top Machine","₱40050.00"
"Madin T-35SE Blend Icon Heavy Duty Blender","Top Machine","₱53940.00"
"Mango Mini Mochi 300g","Sinkers and Toppings","₱210.00"
"Mango Popping Boba 3.2kg","Sinkers and Toppings","₱915.00"
"Manual Coffee Grinder - Black","Coffee Tools and Accessories","₱1000.00"
"Matcha Frappe Base Powder 1kg","Frappe Base Powder","₱620.00"
"Milano Blend 80-20 Coffee Beans – Chain Grade 1kg","Coffee Supplies","₱1225.00"
"Milano Blend 80-20 Coffee Beans – Chain Grade 500g","Coffee Supplies","₱680.00"
"Milk Frothing Pitcher","Coffee Tools and Accessories","₱480.00"
"Milk Tea Series Bamboo Charcoal Powder 500g","Milk Tea Supplies","₱220.00"
"Milk Tea Series Brown Sugar Powder 500g","Milk Tea Supplies","₱235.00"
"Milk Tea Series Caramel Powder 500g","Milk Tea Supplies","₱225.00"
"Milk Tea Series Chocolate Powder 500g","Milk Tea Supplies","₱235.00"
"Milk Tea Series Hokkaido Powder 500g","Milk Tea Supplies","₱240.00"
"Milk Tea Series Matcha Powder 500g","Milk Tea Supplies","₱295.00"
"Milk Tea Series Okinawa Powder 500g","Milk Tea Supplies","₱250.00"
"Milk Tea Series Thai Powder 500g","Milk Tea Supplies","₱245.00"
"Milk Tea Series Wintermelon Powder 500g","Milk Tea Supplies","₱240.00"
"Moka Pot","Coffee Tools and Accessories","₱375.00 - ₱480.00"
"Mosa Cream Chargers (10pcs)","Accessories and Others","₱220.00"
"Mosa Professional Master Whipper (0.5L)","Accessories and Others","₱4500.00"
"Napoli Blend 60-40 Coffee Beans – Chain Grade 1kg","Coffee Beans","₱1165.00"
"Napoli Blend 60-40 Coffee Beans – Chain Grade 500g","Coffee Beans","₱650.00"
"Nata De Coco 1kg","Sinkers and Toppings","₱260.00"
"Nata De Coco 4.2kg","Sinkers and Toppings","₱750.00"
"Nutty Biscuit Cube Sprinkles 200g","Sprinkles","₱450.00"
"Osmanthus Black Tea Loose Leaves 600g","Tea Leaves","₱710.00"
"Paper Cup 12oz (100pcs)","Accessories and Others","₱130.00"
"Paper Cup 16oz (100pcs)","Accessories and Others","₱170.00"
"Paper Cup 6.5oz (100pcs)","Accessories and Others","₱75.00"
"Paper Cup 8oz (100pcs)","Accessories and Others","₱80.00"
"Peach Popping Boba 3.2kg","Milk Tea Supplies","₱915.00"
"Pet Cup 12oz (100pcs)","Accessories and Others","₱250.00"
"Pet Cup 14oz (100pcs)","Accessories and Others","₱350.00"
"Pet Cup 16oz (100pcs)","Accessories and Others","₱400.00"
"Pet Cup 22oz (100pcs)","Accessories and Others","₱475.00"
"Plain Mini Mochi 300g","Ice Cream Toppings","₱210.00"
"Plastic Jigger","Tools and Other essentials","₱60.00"
"Plastic Tong","General Supplies","₱0.00"
"Portable Pour Over Coffee Gift Set in Suitcase","Coffee Tools and Accessories","₱4500.00"
"Pour Over Coffee Dripper","Coffee Tools and Accessories","₱395.00"
"Pour Over Long Spout Drip Kettle","Coffee Tools and Accessories","₱850.00 - ₱1245.00"
"Powder Scooper","Accessories and Others","₱25.00"
"Pre-Cut Tissue","Accessories and Others","₱50.00"
"Premium Soft-Serve Business Package - Reserve Edition","Business Packages","₱340000.00 - ₱495000.00"
"Puffed Caramel Cereal Ball Sprinkles 200g","New Products","₱255.00"
"Puffed Chocolate Ball Crunchy Sprinkles 400g","Sprinkles","₱305.00"
"Puffed Star Sprinkles 50g","Sprinkles","₱85.00"
"Pure Series Activated Charcoal Powder 200g","Milk Tea Supplies","₱395.00"
"Pure Series Ceremonial Grade UJI Matcha 40g","Pure Powders","₱1360.00"
"Pure Series Ceremonial Grade UJI Matcha 80g","Pure Powders","₱2560.00"
"Pure Series Coffee Powder 400g","Creamers and Other Powders","₱615.00"
"Pure Series Hojicha Powder 200g","Pure Powders","₱1175.00"
"Pure Series Matcha Powder 200g","Milk Tea Supplies","₱1225.00"
"Pure Series Ube Powder 200g","Pure Powders","₱775.00"
"Pure Series Yogurt Powder 200g","Pure Powders","₱570.00"
"Rainbow Crystal Ball 3.2kg","Sinkers and Toppings","₱845.00"
"Rainbow Jelly 1kg","Sinkers and Toppings","₱275.00"
"Rainbow Jelly 3.8 kg","Sinkers and Toppings","₱795.00"
"Red Velvet Cookie Sprinkles 400g","Sprinkles","₱255.00"
"Rippled Black Coffee Cups with Lid 12oz (25pcs)","Accessories and Others","₱215.00"
"Rippled Black Coffee Cups with Lid 8oz (25pcs)","Accessories and Others","₱165.00"
"Roasted Oolong Tea Loose Leaves 600g","Tea Leaves","₱600.00"
"Roasted Pecan Cookie Biscuit Sprinkles 450g","Sprinkles","₱650.00"
"Rose Black Tea Loose Leaves 600g","Tea Leaves","₱710.00"
"Salted Caramel Cookie Sprinkles 450g","Sinkers and Toppings","₱295.00"
"Salted Caramel Frappe Base Powder 1kg","Frappe Base Powder","₱420.00"
"Salted Cheese Foam Powder 750g","Sinkers and Toppings","₱435.00"
"Shaker 530ml","Accessories and Others","₱250.00"
"Shaker 700ml","Accessories and Others","₱300.00"
"Skimmed Milk Powder 750g","Creamers and Other Powders","₱385.00"
"Smiley Cone (560pcs/box)","Ice Cream Supplies","₱470.00"
"Smoothie Mix Base Powder 1kg","Creamers and Other Powders","₱330.00"
"Stainless Stirring Spoon 0.3g","Accessories and Others","₱150.00"
"Strawberry Frappe Base Powder 1kg","Frappe Base Powder","₱410.00"
"Strawberry Mini Mochi 300g","Ice Cream Toppings","₱210.00"
"Strawberry Popping Boba 3.2kg","Sinkers and Toppings","₱915.00"
"Strawberry-Chocolate Mini Ball Crunchy Sprinkles 450g","Sprinkles","₱285.00"
"Sugar Cone (400pcs/box)","Ice Cream Supplies","₱895.00"
"Summer Mix Soft-Serve Ice Cream Avocado Powder 1kg","Ice Cream Supplies","₱250.00"
"Summer Mix Soft-Serve Ice Cream Buko Pandan Powder 1kg","Ice Cream Supplies","₱230.00"
"Summer Mix Soft-Serve Ice Cream Caramel Powder 1kg","Summer Mix Series: Soft-Serve Ice Cream","₱260.00"
"Summer Mix Soft-Serve Ice Cream Cheese Powder 1kg","Summer Mix Series: Soft-Serve Ice Cream","₱235.00"
"Summer Mix Soft-Serve Ice Cream Choco Hazelnut Powder 1kg","Ice Cream Supplies","₱0.00"
"Summer Mix Soft-Serve Ice Cream Chocolate Powder 1kg","Summer Mix Series: Soft-Serve Ice Cream","₱295.00"
"Summer Mix Soft-Serve Ice Cream Coffee Powder 1kg","Ice Cream Supplies","₱255.00"
"Summer Mix Soft-Serve Ice Cream Cookies and Cream Powder 1kg","Ice Cream Supplies","₱245.00"
"Summer Mix Soft-Serve Ice Cream Mango Powder 1kg","Summer Mix Series: Soft-Serve Ice Cream","₱240.00"
"Summer Mix Soft-Serve Ice Cream Matcha Powder 1kg","Ice Cream Supplies","₱250.00"
"Summer Mix Soft-Serve Ice Cream Melon Powder 1kg","Summer Mix Series: Soft-Serve Ice Cream","₱250.00"
"Summer Mix Soft-Serve Ice Cream Mocha Powder 1kg","Ice Cream Supplies","₱255.00"
"Summer Mix Soft-Serve Ice Cream Pandan Powder 1kg","Summer Mix Series: Soft-Serve Ice Cream","₱245.00"
"Summer Mix Soft-Serve Ice Cream Pastillas Powder 1kg","Summer Mix Series: Soft-Serve Ice Cream","₱250.00"
"Summer Mix Soft-Serve Ice Cream Pistachio Powder 1kg","Ice Cream Supplies","₱0.00"
"Summer Mix Soft-Serve Ice Cream Strawberry Powder 1kg","Summer Mix Series: Soft-Serve Ice Cream","₱230.00"
"Summer Mix Soft-Serve Ice Cream Toffee Caramel Powder 1kg","Summer Mix Series: Soft-Serve Ice Cream","₱250.00"
"Summer Mix Soft-Serve Ice Cream Ube Macapuno Powder 1kg","Summer Mix Series: Soft-Serve Ice Cream","₱235.00"
"Summer Mix Soft-Serve Ice Cream Ube Powder 1kg","Summer Mix Series: Soft-Serve Ice Cream","₱230.00"
"Summer Mix Soft-Serve Ice Cream Vanilla Powder 1kg","Summer Mix Series: Soft-Serve Ice Cream","₱250.00"
"Summer Mix Soft-Serve Ice Cream White Chocolate Powder 1kg","Ice Cream Supplies","₱260.00"
"Summer Refresh Series Beach Peach Iced Tea 500g","Summer Refresh Series","₱200.00"
"Summer Refresh Series Dapple Pineapple 500g","Summer Refresh Series","₱190.00"
"Summer Refresh Series Exact Black Gulaman 500g","Summer Refresh Series","₱210.00"
"Summer Refresh Series Freshly-Bred Red Iced Tea 500g","Summer Refresh Series","₱190.00"
"Summer Refresh Series Heaven Lemon Iced Tea 500g","Summer Refresh Series","₱195.00"
"Summer Refresh Series Silky Milky Melon 500g","Summer Refresh Series","₱235.00"
"Summer Refresh Series Slumber Cucumber Lemonade 500g","Summer Refresh Series","₱195.00"
"Summer Refresh Series Tropico Buko Pandan 500g","Summer Refresh Series","₱185.00"
"Summer Refresh Series True Blue Lemonade 500g","Summer Refresh Series","₱190.00"
"Sun Moon Lake No18 Black Tea 500g","Tea Leaves","₱1260.00"
"Sundae Cup 6oz (500pcs)","Accessories and Others","₱740.00"
"Sundae Cup 8oz (500pcs)","Accessories and Others","₱900.00"
"Sundae Cup Lid (500pcs)","Accessories and Others","₱500.00"
"Supreme Mix Reserve Edition Soft-Serve Ice Cream Açaí Berry Powder 1kg","Supreme Mix: Reserve Edition","₱1220.00"
"Supreme Mix Reserve Edition Soft-Serve Ice Cream Hojicha Powder 1kg","Ice Cream Supplies","₱685.00"
"Supreme Mix Reserve Edition Soft-Serve Ice Cream MALAGOS Chocolate Powder 1kg","Supreme Mix: Reserve Edition","₱695.00"
"Supreme Mix Reserve Edition Soft-Serve Ice Cream Pistachio Powder 1kg","Supreme Mix: Reserve Edition","₱760.00"
"Supreme Mix Reserve Edition Soft-Serve Ice Cream UCC Sumiyaki Coffee Powder 1kg","Supreme Mix: Reserve Edition","₱785.00"
"Supreme Mix Soft-Serve Ice Cream Avocado Powder 1kg","Supreme Mix Series","₱355.00"
"Supreme Mix Soft-Serve Ice Cream Black Sesame Powder 1kg","Ice Cream Supplies","₱365.00"
"Supreme Mix Soft-Serve Ice Cream Black Vanilla Powder 1kg","Supreme Mix Series","₱360.00"
"Supreme Mix Soft-Serve Ice Cream Cheesy Mango Powder 1kg","Supreme Mix Series","₱370.00"
"Supreme Mix Soft-Serve Ice Cream Choco Hazelnut Powder 1kg","Supreme Mix Series","₱435.00"
"Supreme Mix Soft-Serve Ice Cream Chocolate Powder 1kg","Supreme Mix Series","₱445.00"
"Supreme Mix Soft-Serve Ice Cream Chocolate Truffles Powder 1kg","Supreme Mix Series","₱365.00"
"Supreme Mix Soft-Serve Ice Cream Cookies and Cream Powder 1kg","Supreme Mix Series","₱360.00"
"Supreme Mix Soft-Serve Ice Cream Cream Cheese Powder 1kg","Ice Cream Supplies","₱375.00"
"Supreme Mix Soft-Serve Ice Cream Dark Chocolate Powder 1kg","Supreme Mix Series","₱435.00"
"Supreme Mix Soft-Serve Ice Cream Double Dutch Powder 1kg","Supreme Mix Series","₱370.00"
"Supreme Mix Soft-Serve Ice Cream Mango Powder 1kg","Supreme Mix Series","₱355.00"
"Supreme Mix Soft-Serve Ice Cream Matcha Powder 1kg","Supreme Mix Series","₱470.00"
"Supreme Mix Soft-Serve Ice Cream Milk Chocolate Powder made with Hershey’s 1kg","Supreme Mix Series","₱470.00"
"Supreme Mix Soft-Serve Ice Cream Milky Cheese Powder 1kg","Supreme Mix Series","₱485.00"
"Supreme Mix Soft-Serve Ice Cream Purple Yam Powder 1kg","Supreme Mix Series","₱415.00"
"Supreme Mix Soft-Serve Ice Cream Rocky Road Powder 1kg","Supreme Mix Series","₱420.00"
"Supreme Mix Soft-Serve Ice Cream Series Hokkaido Powder 1kg","Ice Cream Supplies","₱445.00"
"Supreme Mix Soft-Serve Ice Cream Speculoos Powder 1kg","Ice Cream Supplies","₱355.00"
"Supreme Mix Soft-Serve Ice Cream Vanilla Powder 1kg","Supreme Mix Series","₱440.00"
"Supreme Mix Soft-Serve Ice Cream White Chocolate Powder 1kg","Supreme Mix Series","₱400.00"
"Supreme Mix Soft-Serve Ice Cream Wintermelon Powder 1kg","Supreme Mix Series","₱445.00"
"Supreme Salted Milk Cheese Foam for water 1kg","Sinkers and Toppings","₱755.00"
"Supreme Series Choco Truffles Powder 750g","Supreme Series Powder Flavors","₱390.00"
"Supreme Series Cream Cheese Powder 750g","Supreme Series Powder Flavors","₱280.00"
"Supreme Series Double Dutch Powder 750g","Supreme Series Powder Flavors","₱0.00"
"Supreme Series Greek Yogurt Base Powder 750g","Supreme Series Powder Flavors","₱590.00"
"Supreme Series Nougat Powder 750g","Supreme Series Powder Flavors","₱425.00"
"Supreme Series Reserve Edition Pistachio Powder 750g","Supreme Series: Reserve Edition","₱880.00"
"Supreme Series Rocky Road Powder 750g","Supreme Series Powder Flavors","₱270.00"
"Supreme Series Toffee Caramel Powder 750g","Supreme Series Powder Flavors","₱275.00"
"Supreme Soft Ice Cream Sugar-Free Vanilla Powder 1kg","Supreme Mix Series","₱495.00"
"Syrup Pump (1PC)","Accessories and Others","₱180.00 - ₱200.00"
"Taiwan Tapioca Pearls 1kg","Sinkers and Toppings","₱175.00"
"Take Out Bag Double (100pcs)","Accessories and Others","₱120.00"
"Take Out Bag Single (100pcs)","Accessories and Others","₱90.00"
"Tapioca Jelly Powder 1kg","Milk Tea Supplies","₱545.00"
"Tapioca Scooper","Accessories and Others","₱65.00"
"Tea Strainer","Accessories and Others","₱65.00"
"TOP Coffee Creamer 1kg","Creamers and Other Powders","₱195.00"
"TOP Creamer 5kg","Creamers and Other Powders","₱1520.00"
"TOP Mix Soft-Serve Ice Cream Buko Pandan Powder 1kg","Top Mix Series","₱330.00"
"TOP Mix Soft-Serve Ice Cream Caramel Powder 1kg","Top Mix Series","₱315.00"
"TOP Mix Soft-Serve Ice Cream Cheese Powder 1kg","Top Mix Series","₱330.00"
"TOP Mix Soft-Serve Ice Cream Classic Milk Tea Powder 1kg","Top Mix Series","₱350.00"
"TOP Mix Soft-Serve Ice Cream Creamy Vanilla Powder 1kg","Top Mix Series","₱315.00"
"TOP Mix Soft-Serve Ice Cream Espresso Powder 1kg","Top Mix Series","₱350.00"
"TOP Mix Soft-Serve Ice Cream French Vanilla Powder 1kg","Top Mix Series","₱315.00"
"TOP Mix Soft-Serve Ice Cream Honeydew Powder 1kg","Top Mix Series","₱330.00"
"TOP Mix Soft-Serve Ice Cream Mango Powder 1kg","Top Mix Series","₱310.00"
"TOP Mix Soft-Serve Ice Cream Melon Powder 1kg","Top Mix Series","₱330.00"
"TOP Mix Soft-Serve Ice Cream Mocha Powder 1kg","Top Mix Series","₱350.00"
"TOP Mix Soft-Serve Ice Cream Pandan Powder 1kg","Top Mix Series","₱315.00"
"TOP Mix Soft-Serve Ice Cream Pastillas Powder 1kg","Top Mix Series","₱310.00"
"TOP Mix Soft-Serve Ice Cream Strawberry Powder 1kg","Top Mix Series","₱315.00"
"TOP Mix Soft-Serve Ice Cream Swiss Chocolate Powder 1kg","Top Mix Series","₱350.00"
"TOP Mix Soft-Serve Ice Cream Toffee Caramel Powder 1kg","Top Mix Series","₱300.00"
"TOP Mix Soft-Serve Ice Cream Ube Macapuno Powder 1kg","Top Mix Series","₱330.00"
"TOP Mix Soft-Serve Ice Cream Ube Powder 1kg","Top Mix Series","₱310.00"
"TOP Non-Dairy Creamer 1kg","Creamers and Other Powders","₱345.00"
"TOP Series Avocado Powder Flavor 1kg","Top Series: Powder Flavors","₱335.00"
"TOP Series Banana Powder Flavor 1kg","Top Series: Powder Flavors","₱390.00"
"TOP Series Banana Puree 1kg","TOP Series: Purees","₱660.00"
"TOP Series Barbecue Sauce Mix + Seasoning Powder 500g","Foodservice Seasoning Powders","₱270.00"
"TOP Series Blueberry Jam 1kg","Milk Tea Supplies","₱390.00"
"TOP Series Blueberry Jam 4.2Kg","Milk Tea Supplies","₱1665.00"
"TOP Series Blueberry Powder Flavor 1kg","Top Series: Powder Flavors","₱265.00"
"TOP Series Blueberry Puree 1kg","TOP Series: Purees","₱660.00"
"TOP Series Buko Pandan Powder Flavor 1kg","Top Series: Powder Flavors","₱320.00"
"TOP Series Calamansi Puree 1kg","TOP Series: Purees","₱660.00"
"TOP Series California Fruit Jam 1kg","Milk Tea Supplies","₱365.00"
"TOP Series Caramel Sauce 2kg","TOP Series: Sauces","₱920.00"
"TOP Series Caramel Syrup 250ml","Top Series: Classique Syrups","₱0.00"
"TOP Series Celebrate Chocolate Dip Coating 2kg","Dip Coating","₱1400.00"
"TOP Series Cheddar Cheese Sauce Mix + Seasoning Powder 500g","Foodservice Seasoning Powders","₱270.00"
"TOP Series Cheese Sauce Mix + Seasoning Powder 500g","Foodservice Seasoning Powders","₱270.00"
"TOP Series Cheesecake Powder Flavor 1kg","Top Series: Powder Flavors","₱305.00"
"TOP Series Cheesy Mango Powder Flavor 1kg","Top Series: Powder Flavors","₱295.00"
"TOP Series Choco Hazelnut Powder 1kg","Top Series: Powder Flavors","₱395.00"
"TOP Series Choco Strawberry Powder 1kg","Top Series: Powder Flavors","₱445.00"
"TOP Series Classique Almond Syrup 750ml","Top Series: Classique Syrups","₱285.00"
"TOP Series Classique Apple Syrup 750ml","Top Series: Classique Syrups","₱315.00"
"TOP Series Classique Avocado Syrup 750ml","Top Series: Classique Syrups","₱335.00"
"TOP Series Classique Banana Syrup 750ml","Top Series: Classique Syrups","₱265.00"
"TOP Series Classique Blackberry Syrup 750ml","Top Series: Classique Syrups","₱325.00"
"TOP Series Classique Blackcurrant Syrup 750ml","Top Series: Classique Syrups","₱345.00"
"TOP Series Classique Blue Curacao Syrup 750ml","Top Series: Classique Syrups","₱320.00"
"TOP Series Classique Blueberry Syrup 750ml","Milk Tea Supplies","₱225.00"
"TOP Series Classique Brown Sugar Syrup 750ml","Top Series: Classique Syrups","₱225.00"
"TOP Series Classique Butterscotch Syrup 750ml","Top Series: Classique Syrups","₱335.00"
"TOP Series Classique Cane Sugar Syrup 750ml","TOP Series: Sugar Syrups","₱210.00"
"TOP Series Classique Caramel Syrup 750ml","Top Series: Classique Syrups","₱245.00"
"TOP Series Classique Cheesecake Syrup 750ml","Top Series: Classique Syrups","₱335.00"
"TOP Series Classique Cherry Syrup 750ml","Top Series: Classique Syrups","₱305.00"
"TOP Series Classique Chocolate Syrup 750ml","Top Series: Classique Syrups","₱300.00"
"TOP Series Classique Cinnamon Syrup 750ml","Top Series: Classique Syrups","₱345.00"
"TOP Series Classique Coffee Base Syrup 750ml","Top Series: Classique Syrups","₱245.00"
"TOP Series Classique Cookie Dough Syrup 750ml","Top Series: Classique Syrups","₱285.00"
"TOP Series Classique Creamy Coconut Syrup 750ml","Top Series: Classique Syrups","₱385.00"
"TOP Series Classique Creamy Vanilla Syrup 750ml","Top Series: Classique Syrups","₱255.00"
"TOP Series Classique Creme Brulee Syrup 750ml","Top Series: Classique Syrups","₱300.00"
"TOP Series Classique Cucumber Syrup 750ml","Milk Tea Supplies","₱405.00"
"TOP Series Classique Earl Grey Tea Syrup 750ml","Top Series: Classique Syrups","₱370.00"
"TOP Series Classique Elderflower Syrup 750ml","Top Series: Classique Syrups","₱355.00"
"TOP Series Classique Espresso Syrup 750ml","Top Series: Classique Syrups","₱485.00"
"TOP Series Classique French Vanilla Syrup 750ml","Top Series: Classique Syrups","₱275.00"
"TOP Series Classique Ginger Syrup 750ml","Top Series: Classique Syrups","₱380.00"
"TOP Series Classique Grapefruit Syrup 750ml","Top Series: Classique Syrups","₱360.00"
"TOP Series Classique Green Apple Syrup 750ml","Milk Tea Supplies","₱280.00"
"TOP Series Classique Green Mango Syrup 750ml","Top Series: Classique Syrups","₱335.00"
"TOP Series Classique Grenadine Syrup 750ml","Top Series: Classique Syrups","₱300.00"
"TOP Series Classique Guava Syrup 750ml","Top Series: Classique Syrups","₱320.00"
"TOP Series Classique Hazelnut Syrup 750ml","Top Series: Classique Syrups","₱260.00"
"TOP Series Classique Hibiscus Syrup 750ml","Top Series: Classique Syrups","₱335.00"
"TOP Series Classique Irish Coffee Syrup 750ml","Top Series: Classique Syrups","₱340.00"
"TOP Series Classique Jasmine Tea Syrup 750ml","Top Series: Classique Syrups","₱255.00"
"TOP Series Classique Kiwi Syrup 750ml","Milk Tea Supplies","₱255.00"
"TOP Series Classique Lavender Syrup 750ml","Top Series: Classique Syrups","₱350.00"
"TOP Series Classique Lemon Syrup 750ml","Milk Tea Supplies","₱225.00"
"TOP Series Classique Lemongrass Syrup 750ml","Top Series: Classique Syrups","₱335.00"
"TOP Series Classique Lime Syrup 750ml","Top Series: Classique Syrups","₱335.00"
"TOP Series Classique Lychee Syrup 750ml","Milk Tea Supplies","₱245.00"
"TOP Series Classique Macadamia Nut Syrup 750ml","Top Series: Classique Syrups","₱340.00"
"TOP Series Classique Mango Syrup 750ml","Top Series: Classique Syrups","₱260.00"
"TOP Series Classique Melon Syrup 750ml","Top Series: Classique Syrups","₱230.00"
"TOP Series Classique Mojito Syrup 750ml","Top Series: Classique Syrups","₱435.00"
"TOP Series Classique Muscovado Syrup 750ml","Top Series: Classique Syrups","₱290.00"
"TOP Series Classique Orange Syrup 750ml","Top Series: Classique Syrups","₱290.00"
"TOP Series Classique Pandan Syrup 750ml","Top Series: Classique Syrups","₱310.00"
"TOP Series Classique Papaya Syrup 750ml","Top Series: Classique Syrups","₱310.00"
"TOP Series Classique Passion Fruit Syrup 750ml","Top Series: Classique Syrups","₱240.00"
"TOP Series Classique Peach Mango Syrup 750ml","Top Series: Classique Syrups","₱245.00"
"TOP Series Classique Peach Syrup 750ml","Milk Tea Supplies","₱220.00"
"TOP Series Classique Pear Syrup 750ml","Top Series: Classique Syrups","₱305.00"
"TOP Series Classique Peppermint Syrup 750ml","Top Series: Classique Syrups","₱460.00"
"TOP Series Classique Philippine Mango Syrup 750ml","Milk Tea Supplies","₱320.00"
"TOP Series Classique Pineapple Syrup 750ml","Top Series: Classique Syrups","₱255.00"
"TOP Series Classique Pumpkin Spice Syrup 750ml","Top Series: Classique Syrups","₱415.00"
"TOP Series Classique Raspberry Syrup 750ml","Top Series: Classique Syrups","₱435.00"
"TOP Series Classique Rose Syrup 750ml","Top Series: Classique Syrups","₱300.00"
"TOP Series Classique Salted Caramel Syrup 750ml","Top Series: Classique Syrups","₱255.00"
"TOP Series Classique Soy Milk Syrup 750ml","Top Series: Classique Syrups","₱325.00"
"TOP Series Classique Spearmint Syrup 750ml","Top Series: Classique Syrups","₱380.00"
"TOP Series Classique Strawberry Syrup 750ml","Milk Tea Supplies","₱240.00"
"TOP Series Classique Sugar Syrup 750ml","Top Series: Classique Syrups","₱185.00"
"TOP Series Classique Sweet Grapes Syrup 750ml","Top Series: Classique Syrups","₱245.00"
"TOP Series Classique Tiramisu Syrup 750ml","Top Series: Classique Syrups","₱330.00"
"TOP Series Classique Toffee Nut Syrup 750ml","Milk Tea Supplies","₱340.00"
"TOP Series Classique Ube Syrup 750ml","Top Series: Classique Syrups","₱340.00"
"TOP Series Classique Watermelon Syrup 750ml","Top Series: Classique Syrups","₱305.00"
"TOP Series Classique White Chocolate Syrup 750ml","Top Series: Classique Syrups","₱385.00"
"TOP Series Classique Wintermelon Syrup 750ml","Milk Tea Supplies","₱305.00"
"TOP Series Classique Yogurt Syrup 750ml","Top Series: Classique Syrups","₱410.00"
"TOP Series Classique Yuzu Syrup 750ml","Top Series: Classique Syrups","₱385.00"
"TOP Series Classique Zero Calorie Sweetener Syrup 750ml","TOP Series: Sugar Syrups","₱235.00"
"TOP Series Cocoa (Single-Origin) Sauce 2kg","TOP Series: Sauces","₱1305.00"
"TOP Series Coconut Puree 1kg","TOP Series: Purees","₱660.00"
"TOP Series Coffee Mocha Powder Flavor 1kg","Top Series: Powder Flavors","₱385.00"
"TOP Series Cookies and Cream Powder Flavor 1kg","Top Series: Powder Flavors","₱395.00"
"TOP Series CraftedZERO Belgian Chocolate Syrup 750ml","Sugar Free Series","₱385.00"
"TOP Series CraftedZERO Butterscotch Syrup 750ml","Sugar Free Series","₱385.00"
"TOP Series CraftedZERO Caramel Syrup 750ml","Sugar Free Series","₱385.00"
"TOP Series CraftedZERO Cookie Butter Syrup 750ml","Sugar Free Series","₱430.00"
"TOP Series CraftedZERO French Vanilla Syrup 750ml","Sugar Free Series","₱410.00"
"TOP Series CraftedZERO Hazelnut Syrup 750ml","Sugar Free Series","₱410.00"
"TOP Series CraftedZERO Lime Syrup 750ml","Sugar Free Series","₱385.00"
"TOP Series CraftedZERO Macadamia Syrup 750ml","Sugar Free Series","₱385.00"
"TOP Series CraftedZERO Salted Caramel Syrup 750ml","Sugar Free Series","₱385.00"
"TOP Series CraftedZERO Strawberry Syrup 750ml","Sugar Free Series","₱410.00"
"TOP Series CraftedZERO Toffee Nut Syrup 750ml","Sugar Free Series","₱410.00"
"TOP Series CraftedZERO Yuzu Syrup 750ml","Sugar Free Series","₱480.00"
"TOP Series Creamy Vanilla Syrup 250ml","Milk Tea Supplies","₱0.00"
"TOP Series Dark Chocolate Sauce 2kg","TOP Series: Sauces","₱885.00"
"TOP Series Delight White Chocolate Dip Coating 2kg","Dip Coating","₱1400.00"
"TOP Series French Vanilla Syrup 250ml","Top Series: Classique Syrups","₱0.00"
"TOP Series Fried/Rolled Ice Cream Chocolate Powder 1kg","Top Series: Rolled Ice Cream Powders","₱485.00"
"TOP Series Fried/Rolled Ice Cream Dark Chocolate Powder 1kg","Top Series: Rolled Ice Cream Powders","₱520.00"
"TOP Series Fried/Rolled Ice Cream Mango Powder 1kg","Top Series: Rolled Ice Cream Powders","₱405.00"
"TOP Series Fried/Rolled Ice Cream Melon Powder 1kg","Top Series: Rolled Ice Cream Powders","₱425.00"
"TOP Series Fried/Rolled Ice Cream Strawberry Powder 1kg","Top Series: Rolled Ice Cream Powders","₱420.00"
"TOP Series Fried/Rolled Ice Cream Ube Powder 1kg","Top Series: Rolled Ice Cream Powders","₱425.00"
"TOP Series Fried/Rolled Ice Cream Vanilla Powder 1kg","Top Series: Rolled Ice Cream Powders","₱405.00"
"TOP Series Frozen Yogurt Base Powder 1kg","TOP Series: Frozen Yogurt (Froyo) Ice Cream Powders","₱610.00"
"TOP Series Frozen Yogurt Mango Powder 1kg","TOP Series: Frozen Yogurt (Froyo) Ice Cream Powders","₱660.00"
"TOP Series Frozen Yogurt Melon Powder 1kg","TOP Series: Frozen Yogurt (Froyo) Ice Cream Powders","₱715.00"
"TOP Series Frozen Yogurt Reserve Edition Açai Berry Powder 1kg","TOP Series: Frozen Yogurt (Froyo) Ice Cream Powders","₱1480.00"
"TOP Series Frozen Yogurt Strawberry Powder 1kg","TOP Series: Frozen Yogurt (Froyo) Ice Cream Powders","₱615.00"
"TOP Series Frozen Yogurt Ube Powder 1kg","TOP Series: Frozen Yogurt (Froyo) Ice Cream Powders","₱660.00"
"TOP Series Gelato Avocado Powder 1kg","TOP Series: Gelato Powders","₱450.00"
"TOP Series Gelato Choco Hazelnut Powder 1kg","TOP Series: Gelato Powders","₱490.00"
"TOP Series Gelato Cookies and Cream Powder 1kg","TOP Series: Gelato Powders","₱470.00"
"TOP Series Gelato Cream Cheese Powder 1kg","TOP Series: Gelato Powders","₱495.00"
"TOP Series Gelato Dark Chocolate Powder 1kg","TOP Series: Gelato Powders","₱500.00"
"TOP Series Gelato Mango Powder 1kg","TOP Series: Gelato Powders","₱435.00"
"TOP Series Gelato Matcha Powder 1kg","TOP Series: Gelato Powders","₱555.00"
"TOP Series Gelato Salted Caramel Powder 1kg","TOP Series: Gelato Powders","₱485.00"
"TOP Series Gelato Strawberry Powder 1kg","TOP Series: Gelato Powders","₱470.00"
"TOP Series Gelato Ube Powder 1kg","TOP Series: Gelato Powders","₱455.00"
"TOP Series Gelato Vanilla Powder 1kg","TOP Series: Gelato Powders","₱450.00"
"TOP Series Grapefruit Jam 1kg","Milk Tea Supplies","₱405.00"
"TOP Series Grapefruit Puree 1kg","TOP Series: Purees","₱660.00"
"TOP Series Hazelnut Sauce 2kg","TOP Series: Sauces","₱985.00"
"TOP Series Hazelnut Syrup 250ml","Top Series: Classique Syrups","₱0.00"
"TOP Series Honeydew Powder Flavor 1kg","Top Series: Powder Flavors","₱335.00"
"TOP Series Italian Pistachio Sauce 2kg","TOP Series: Sauces","₱2995.00"
"TOP Series Kiwi Jam 1kg","Milk Tea Supplies","₱345.00"
"TOP Series Kiwi Jam 4.2kg","Milk Tea Supplies","₱1385.00"
"TOP Series Lemon Powder Flavor 1kg","Top Series: Powder Flavors","₱370.00"
"TOP Series Lychee Powder Flavor 1kg","Top Series: Powder Flavors","₱280.00"
"TOP Series Lychee Puree 1kg","TOP Series: Purees","₱660.00"
"TOP Series Mango Jam 1kg","Milk Tea Supplies","₱345.00"
"TOP Series Mango Jam 4.2kg","Milk Tea Supplies","₱1385.00"
"TOP Series Mango Lychee Powder Flavor 1kg","Top Series: Powder Flavors","₱340.00"
"TOP Series Mango Puree 1kg","TOP Series: Purees","₱660.00"
"TOP Series Matcha Powder Flavor 1kg","Top Series: Powder Flavors","₱490.00"
"TOP Series Matcha Sauce 2kg","TOP Series: Sauces","₱975.00"
"TOP Series Melon Powder Flavor 1kg","Top Series: Powder Flavors","₱325.00"
"TOP Series Merry Strawberry Dip Coating 2kg","Dip Coating","₱1400.00"
"TOP Series Milk Base Gelato Powder 940g","Base Powder","₱670.00"
"TOP Series Milk Chocolate with Choco Chips Powder 1kg","Top Series: Powder Flavors","₱425.00"
"TOP Series Mixed Berry Puree 1kg","TOP Series: Purees","₱660.00"
"TOP Series Pandan Powder Flavor 1kg","Top Series: Powder Flavors","₱335.00"
"TOP Series Passion Fruit Jam 1kg","Beverage and Culinary Jams","₱315.00"
"TOP Series Passion Fruit Puree 1kg","TOP Series: Purees","₱660.00"
"TOP Series Peach Puree 1kg","TOP Series: Purees","₱660.00"
"TOP Series Pineapple Jam 1kg","Milk Tea Supplies","₱315.00"
"TOP Series Pineapple Puree 1kg","TOP Series: Purees","₱660.00"
"TOP Series Pomelo Puree 1kg","TOP Series: Purees","₱660.00"
"TOP Series Raspberry Powder Flavor 1kg","Powder Flavors","₱365.00"
"TOP Series Raspberry Puree 1kg","TOP Series: Purees","₱660.00"
"TOP Series Salted Caramel Powder Flavor 1kg","Top Series: Powder Flavors","₱290.00"
"TOP Series Salted Caramel Sauce 2kg","TOP Series: Sauces","₱975.00"
"TOP Series Salted Caramel Syrup 250ml","Top Series: Classique Syrups","₱0.00"
"TOP Series Sour Cream Sauce Mix + Seasoning Powder 500g","Foodservice Seasoning Powders","₱270.00"
"TOP Series Speculoos Cookie Butter Sauce 2kg","TOP Series: Sauces","₱915.00"
"TOP Series Strawberry Jam 1kg","Beverage and Culinary Jams","₱325.00"
"TOP Series Strawberry Jam 4.2kg","Milk Tea Supplies","₱1290.00"
"TOP Series Strawberry Powder Flavor 1kg","Top Series: Powder Flavors","₱305.00"
"TOP Series Strawberry Puree 1kg","TOP Series: Purees","₱660.00"
"TOP Series Strawberry Sauce 2kg","TOP Series: Sauces","₱995.00"
"TOP Series Strawberry Syrup 250ml","Top Series: Classique Syrups","₱0.00"
"TOP Series Sweet Grapes Powder Flavor 1kg","Top Series: Powder Flavors","₱270.00"
"TOP Series Taro Powder Flavor 1kg","Top Series: Powder Flavors","₱315.00"
"TOP Series Ube Macapuno Powder Flavor 1kg","Top Series: Powder Flavors","₱335.00"
"TOP Series Ube Powder Flavor 1kg","Top Series: Powder Flavors","₱310.00"
"TOP Series Ube Sauce 2kg","TOP Series: Sauces","₱885.00"
"TOP Series Vanilla Powder Flavor 1kg","Top Series: Powder Flavors","₱300.00"
"TOP Series White Caramel Powder Flavor 1kg","Top Series: Powder Flavors","₱325.00"
"TOP Series White Chocolate Sauce 2kg","TOP Series: Sauces","₱890.00"
"TOP Series Yogurt Powder Flavor 1kg","Top Series: Powder Flavors","₱330.00"
"Torino Blend 50-50 Coffee Beans – Chain Grade 1kg","Coffee Beans","₱1290.00"
"Torino Blend 50-50 Coffee Beans – Chain Grade 500g","Coffee Beans","₱635.00"
"Trieste Blend 70-30 Coffee Beans – Chain Grade 1kg","Coffee Supplies","₱1195.00"
"Trieste Blend 70-30 Coffee Beans – Chain Grade 500g","Coffee Supplies","₱665.00"
"U Cup 12oz (100pcs)","Accessories and Others","₱235.00"
"U Cup 16oz (100pcs)","Accessories and Others","₱290.00"
"U Cup 22oz (100pcs)","Accessories and Others","₱365.00"
"V60 Coffee Dripper Porcelain","Coffee Tools and Accessories","₱650.00"
"Vanilla Frappe Base Powder 1kg","Frappe Base Powder","₱400.00"
"Vegan Creamer 1kg","Creamers and Other Powders","₱395.00"
"VEGAN Frappe Base Powder 1kg","Creamers and Other Powders","₱430.00"
"Veneto Blend 30-70 Coffee Beans – Chain Grade 1kg","Coffee Beans","₱1070.00"
"Veneto Blend 30-70 Coffee Beans – Chain Grade 500g","Coffee Beans","₱605.00"
"Vietnam Lam Dong Coffee Beans – Chain Grade 500g","Coffee Beans","₱715.00"
"Vietnam Lam Dong Coffee Beans – Premium Grade 1kg","Coffee Beans","₱1300.00"
"Waffle Mix Chocolate Powder 1kg","Baking and Foodservice PreMixes","₱360.00"
"Waffle Mix Vanilla Powder 1kg","Baking and Foodservice PreMixes","₱295.00"
"Whipped Cream Powder 500g","Sinkers and Toppings","₱370.00"
"White Chocolate Mini Ball Crunchy Sprinkles 450g","Sprinkles","₱300.00"
"White Sugar Sachets 5g (100 pcs)","Creamers and Other Powders","₱135.00"
"White Sugar Sticks 5g (50 pcs)","Creamers and Other Powders","₱95.00"
"White Sundae Spoon 1kg","Accessories and Others","₱100.00"